Date,URL
2. December 2024,https://www.linkedin.com/feed/update/urn:li:activity:7268881536828035072?
25. November 2024,https://www.linkedin.com/feed/update/urn:li:activity:7266782732704223232?
18. November 2024,https://www.linkedin.com/feed/update/urn:li:activity:7264246026369216513?
11. November 2024,https://www.linkedin.com/feed/update/urn:li:activity:7261709274232287232?
4. November 2024,https://www.linkedin.com/feed/update/urn:li:activity:7259172564923486210?
28. October 2024,https://www.linkedin.com/feed/update/urn:li:activity:7256635952171827200?
21. October 2024,https://www.linkedin.com/feed/update/urn:li:activity:7254084018072170496?
14. October 2024,https://www.linkedin.com/feed/update/urn:li:activity:7251547333379723264?
7. October 2024,https://www.linkedin.com/feed/update/urn:li:activity:7249010592433209344?
30. September 2024,https://www.linkedin.com/feed/update/urn:li:activity:7246473874551320577?
23. September 2024,https://www.linkedin.com/feed/update/urn:li:activity:7243937212067639296?
16. September 2024,https://www.linkedin.com/feed/update/urn:li:activity:7241400481703424000?
9. September 2024,https://www.linkedin.com/feed/update/urn:li:activity:7238863738898911232?
2. September 2024,https://www.linkedin.com/feed/update/urn:li:activity:7236327012053778433?
26. August 2024,https://www.linkedin.com/feed/update/urn:li:activity:7233790350278955009?
19. August 2024,https://www.linkedin.com/feed/update/urn:li:activity:7231253603171139585?
12. August 2024,https://www.linkedin.com/feed/update/urn:li:activity:7228716888141303808?
5. August 2024,https://www.linkedin.com/feed/update/urn:li:activity:7226180161166057472?
29. July 2024,https://www.linkedin.com/feed/update/urn:li:activity:7190666166455992320?
22. July 2024,https://www.linkedin.com/feed/update/urn:li:activity:7221106727805427715?
15. July 2024,https://www.linkedin.com/feed/update/urn:li:activity:7218570012129726464?
8. July 2024,https://www.linkedin.com/feed/update/urn:li:activity:7216033308302848000?
1. July 2024,https://www.linkedin.com/feed/update/urn:li:activity:7213496598507520000?
24. June 2024,https://www.linkedin.com/feed/update/urn:li:activity:7210959871842643968?
17. June 2024,https://www.linkedin.com/feed/update/urn:li:activity:7208423159664889857?
10. June 2024,https://www.linkedin.com/feed/update/urn:li:activity:7205886450456743936?
3. June 2024,https://www.linkedin.com/feed/update/urn:li:activity:7203349742792130560?
27. May 2024,https://www.linkedin.com/feed/update/urn:li:activity:7200812991548719104?
20. May 2024,https://www.linkedin.com/feed/update/urn:li:activity:7198276280314720257?
13. May 2024,https://www.linkedin.com/feed/update/urn:li:activity:7195739603658493952?
6. May 2024,https://www.linkedin.com/feed/update/urn:li:activity:7193202863072792576?
29. April 2024,https://www.linkedin.com/feed/update/urn:li:activity:7190666166455992320?
22. April 2024,https://www.linkedin.com/feed/update/urn:li:activity:7188129425836683265?
15. April 2024,https://www.linkedin.com/feed/update/urn:li:activity:7185592735142158337?
8. April 2024,https://www.linkedin.com/feed/update/urn:li:activity:7183056027284574208?
1. April 2024,https://www.linkedin.com/feed/update/urn:li:activity:7180519269103718400?
25. March 2024,https://www.linkedin.com/posts/martink2_regulatory-roundup-dashboard-flipbook-25-activity-7177997720215801856-jYXN?
18. March 2024,https://www.linkedin.com/posts/martink2_regulatory-roundup-dashboard-flipbook-18-activity-7175460959338061825-Tr9H?
11. March 2024,https://www.linkedin.com/posts/martink2_regulatory-roundup-dashboard-flipbook-11-activity-7172924218693644288-rmVF?
4. March 2024,https://www.linkedin.com/posts/martink2_regulatory-roundup-dashboard-flipbook-4-activity-7170387507413524480-1g-_?
26. February 2024,https://www.linkedin.com/posts/martink2_regulatory-roundup-dashboard-flipbook-26-activity-7167850839276007424-2Tw5?
19. February 2024,https://www.linkedin.com/posts/martink2_regulatory-roundup-dashboard-flipbook-19-activity-7165314092210049026-fTkv?
12. February 2024,https://www.linkedin.com/posts/martink2_regulatory-roundup-dashboard-flipbook-12-activity-7162777396104925184-EjA8?
5. February 2024,https://www.linkedin.com/posts/martink2_regulatory-roundup-dashboard-flipbook-5-activity-7160240698493976577-oe5g?
29. January 2024,https://www.linkedin.com/posts/martink2_regulatory-roundup-dashboard-flipbook-29-activity-7157704024954191874-Idse?
22. January 2024,https://www.linkedin.com/posts/martink2_regulatory-roundup-dashboard-flipbook-22-activity-7155167258233753600-JKDn?
15. January 2024,https://www.linkedin.com/posts/martink2_regulatory-roundup-dashboard-flipbook-15-activity-7152630506596048897-g5vJ?
8. January 2024,https://www.linkedin.com/posts/martink2_regulatory-roundup-dashboard-flipbook-8-activity-7150093787254460417-bKDK?
1. January 2024,https://www.linkedin.com/posts/martink2_regulatory-roundup-dashboard-flipbook-1-activity-7147557073755504640-DPsH?
